{"income": 50000.0, "savings_goal": 500.0, "categories": {"auto": [{"amount": 300.0, "description": "drive  to work", "date": "2026-11-11"}], "house": [{"amount": 800.0, "description": "to live in", "date": "2026-11-11"}], "food": [{"amount": 400.0, "description": "to eat", "date": "2026-11-11"}], "entertainment": [{"amount": 50.0, "description": "movies", "date": "2026-11-11"}], "misc": [{"amount": 100.0, "description": "clothes", "date": "2026-11-11"}], "groceries": [{"amount": 200.0, "description": "food to eat", "date": "2025-10-10"}]}}