{"income": 50000.0, "savings_goal": 500.0, "categories": {"health": [{"amount": 50.0, "description": "gym membership", "date": "2026-10-10"}], "transportation": [{"amount": 50.0, "description": "bus", "date": "2025-11-11"}, {"amount": 400.0, "description": "auto", "date": "2025-11-11"}], "house": [{"amount": 7.0, "description": "live ", "date": "2025-11-11"}, {"amount": 1000.0, "description": "to live in", "date": "2025-11-11"}], "auto": [{"amount": 500.0, "description": "car pyment", "date": "2025-11-11"}, {"amount": 15000.0, "description": "a new car", "date": "2025-11-11"}], "groceries": [{"amount": 200.0, "description": "food", "date": "2026-11-11"}], "entertainment": [{"amount": 100.0, "description": "movies and dinner", "date": "2025-11-11"}], "camper": [{"amount": 30000.0, "description": "to go camping", "date": "2025-11-11"}], "furniture": [{"amount": 5000.0, "description": "bed, couch, dresser", "date": "2025-11-11"}]}}